seq,head_dim,causal,sdpa_ms,triton_ms,naive_ms,triton_tflops,triton_vs_sdpa_pct,triton_peak_gb,naive_peak_gb
512,64,False,0.0512,0.1065,0.2693,20.16,48.1,0.021,0.103
512,64,True,0.0522,0.1044,0.382,10.28,50.0,0.021,0.103
1024,64,False,0.0922,0.1536,0.8622,55.92,60.0,0.034,0.365
1024,64,True,0.0768,0.1454,1.1428,29.54,52.8,0.034,0.366
2048,64,False,0.2314,0.3656,3.0884,93.99,63.3,0.059,1.393
2048,64,True,0.1772,0.2765,4.1615,62.14,64.1,0.059,1.397
4096,64,False,0.811,1.1039,11.9378,124.51,73.5,0.109,5.461
4096,64,True,0.5028,0.7414,16.5427,92.69,67.8,0.109,5.478
8192,64,False,3.0638,4.094,48.5663,134.28,74.8,0.21,21.651
8192,64,True,1.7019,2.5129,67.8625,109.39,67.7,0.21,21.718
512,128,False,0.0696,0.1413,0.2683,30.39,49.3,0.034,0.113
512,128,True,0.0696,0.126,0.3676,17.05,55.3,0.034,0.114
1024,128,False,0.1485,0.258,0.8919,66.58,57.5,0.059,0.386
1024,128,True,0.1157,0.215,1.1704,39.95,53.8,0.059,0.387
2048,128,False,0.3953,0.642,3.1785,107.03,61.6,0.109,1.435
2048,128,True,0.2816,0.4762,4.2619,72.16,59.1,0.109,1.439
4096,128,False,1.4612,2.2374,12.3167,122.85,65.3,0.21,5.545
4096,128,True,0.8335,1.4336,16.9257,95.87,58.1,0.21,5.562
8192,128,False,5.5316,8.0251,49.4582,137.01,68.9,0.411,21.819
8192,128,True,2.9522,4.9347,68.6838,111.41,59.8,0.411,21.886
