N,block_m,block_n,block_k,num_warps,num_stages,ms,tflops
512,64,64,32,2,2,0.0696,3.86
512,64,64,32,2,3,0.0666,4.03
512,64,64,32,2,4,0.0686,3.91
512,64,64,32,2,5,0.0655,4.1
512,64,64,32,4,2,0.0655,4.1
512,64,64,32,4,3,0.0655,4.1
512,64,64,32,4,4,0.0922,2.91
512,64,64,32,4,5,0.0645,4.16
512,64,64,32,8,2,0.0655,4.1
512,64,64,32,8,3,0.0686,3.91
512,64,64,32,8,4,0.0655,4.1
512,64,64,32,8,5,0.0655,4.1
512,128,128,32,2,2,0.1004,2.67
512,128,128,32,2,3,0.1065,2.52
512,128,128,32,2,4,0.1372,1.96
512,128,128,32,2,5,0.1382,1.94
512,128,128,32,4,2,0.0666,4.03
512,128,128,32,4,3,0.0676,3.97
512,128,128,32,4,4,0.0666,4.03
512,128,128,32,4,5,0.0655,4.1
512,128,128,32,8,2,0.0686,3.91
512,128,128,32,8,3,0.0676,3.97
512,128,128,32,8,4,0.0666,4.03
512,128,128,32,8,5,0.0666,4.03
1024,64,64,32,2,2,0.0829,25.89
1024,64,64,32,2,3,0.0748,28.73
1024,64,64,32,2,4,0.0737,29.13
1024,64,64,32,2,5,0.0748,28.73
1024,64,64,32,4,2,0.0809,26.55
1024,64,64,32,4,3,0.0737,29.13
1024,64,64,32,4,4,0.0727,29.54
1024,64,64,32,4,5,0.0737,29.13
1024,64,64,32,8,2,0.0829,25.89
1024,64,64,32,8,3,0.0788,27.24
1024,64,64,32,8,4,0.0788,27.24
1024,64,64,32,8,5,0.0799,26.89
1024,128,128,32,2,2,0.1485,14.46
1024,128,128,32,2,3,0.1546,13.89
1024,128,128,32,2,4,0.2202,9.75
1024,128,128,32,2,5,0.2202,9.75
1024,128,128,32,4,2,0.0829,25.89
1024,128,128,32,4,3,0.0748,28.73
1024,128,128,32,4,4,0.0748,28.73
1024,128,128,32,4,5,0.0748,28.73
1024,128,128,32,8,2,0.085,25.27
1024,128,128,32,8,3,0.0799,26.89
1024,128,128,32,8,4,0.0788,27.24
1024,128,128,32,8,5,0.0788,27.24
2048,64,64,32,2,2,0.2181,78.77
2048,64,64,32,2,3,0.1966,87.38
2048,64,64,32,2,4,0.1874,91.68
2048,64,64,32,2,5,0.1915,89.72
2048,64,64,32,4,2,0.2191,78.4
2048,64,64,32,4,3,0.1935,88.77
2048,64,64,32,4,4,0.1894,90.69
2048,64,64,32,4,5,0.1956,87.84
2048,64,64,32,8,2,0.255,67.38
2048,64,64,32,8,3,0.2304,74.57
2048,64,64,32,8,4,0.2314,74.24
2048,64,64,32,8,5,0.2314,74.24
2048,128,128,32,2,2,0.5612,30.62
2048,128,128,32,2,3,0.5356,32.08
2048,128,128,32,2,4,0.5652,30.39
2048,128,128,32,2,5,0.8817,19.49
2048,128,128,32,4,2,0.213,80.66
2048,128,128,32,4,3,0.1638,104.86
2048,128,128,32,4,4,0.1649,104.21
2048,128,128,32,4,5,0.1649,104.21
2048,128,128,32,8,2,0.2171,79.14
2048,128,128,32,8,3,0.1884,91.18
2048,128,128,32,8,4,0.1884,91.18
2048,128,128,32,8,5,0.1884,91.18
4096,64,64,32,2,2,1.237,111.11
4096,64,64,32,2,3,1.0383,132.36
4096,64,64,32,2,4,1.023,134.35
4096,64,64,32,2,5,1.0322,133.15
4096,64,64,32,4,2,1.2831,107.12
4096,64,64,32,4,3,0.9216,149.13
4096,64,64,32,4,4,0.9042,152.0
4096,64,64,32,4,5,0.9339,147.17
4096,64,64,32,8,2,1.3988,98.26
4096,64,64,32,8,3,1.1028,124.62
4096,64,64,32,8,4,1.0895,126.14
4096,64,64,32,8,5,1.0906,126.03
4096,128,128,32,2,2,3.6424,37.73
4096,128,128,32,2,3,3.2625,42.13
4096,128,128,32,2,4,3.4785,39.51
4096,128,128,32,2,5,3.6598,37.55
4096,128,128,32,4,2,0.8438,162.89
4096,128,128,32,4,3,0.6308,217.89
4096,128,128,32,4,4,0.6359,216.13
4096,128,128,32,4,5,0.6574,209.06
4096,128,128,32,8,2,0.894,153.74
4096,128,128,32,8,3,0.7875,174.54
4096,128,128,32,8,4,0.7793,176.37
4096,128,128,32,8,5,0.7823,175.68
